scenario,run,target_samples,other_object_samples,terrain_samples,objects_hit
01,20261004-1357_fixfinal_s3_r1,179,0,0,red_chair
02,20261004-1357_fixfinal_s3_r1,0,1,0,red_stop sign
03,20261004-1357_fixfinal_s3_r1,0,0,0,
04,20261004-1357_fixfinal_s3_r1,0,0,0,
05,20261004-1357_fixfinal_s3_r1,0,0,0,
06,20261004-1357_fixfinal_s3_r1,0,0,0,
07,20261004-1357_fixfinal_s3_r1,0,0,0,
08,20261004-1357_fixfinal_s3_r1,0,0,0,
09,20261004-1357_fixfinal_s3_r1,0,0,0,
10,20261004-1357_fixfinal_s3_r1,0,0,0,
01,20261004-1404_fixfinal_s3_r2,0,0,0,
02,20261004-1404_fixfinal_s3_r2,0,8,0,red_stop sign
03,20261004-1404_fixfinal_s3_r2,0,0,0,
04,20261004-1404_fixfinal_s3_r2,0,0,0,
05,20261004-1404_fixfinal_s3_r2,0,0,0,
06,20261004-1404_fixfinal_s3_r2,0,0,0,
07,20261004-1404_fixfinal_s3_r2,0,0,0,
08,20261004-1404_fixfinal_s3_r2,0,0,0,
09,20261004-1404_fixfinal_s3_r2,0,0,0,
10,20261004-1404_fixfinal_s3_r2,0,0,0,
01,20261004-1410_fixfinal_s3_r3,0,0,0,
02,20261004-1410_fixfinal_s3_r3,0,67,0,red_stop sign
03,20261004-1410_fixfinal_s3_r3,0,0,0,
04,20261004-1410_fixfinal_s3_r3,0,0,0,
05,20261004-1410_fixfinal_s3_r3,0,0,0,
06,20261004-1410_fixfinal_s3_r3,0,0,0,
07,20261004-1410_fixfinal_s3_r3,0,0,0,
08,20261004-1410_fixfinal_s3_r3,0,0,0,
09,20261004-1410_fixfinal_s3_r3,0,0,0,
10,20261004-1410_fixfinal_s3_r3,0,0,0,
01,20261004-1438_tag_s3_r4,0,0,0,
02,20261004-1438_tag_s3_r4,0,1,0,red_stop sign
03,20261004-1438_tag_s3_r4,0,0,0,
04,20261004-1438_tag_s3_r4,68,0,0,red_chair
05,20261004-1438_tag_s3_r4,0,0,0,
06,20261004-1438_tag_s3_r4,0,0,0,
07,20261004-1438_tag_s3_r4,0,0,0,
08,20261004-1438_tag_s3_r4,0,0,0,
09,20261004-1438_tag_s3_r4,0,0,0,
10,20261004-1438_tag_s3_r4,0,0,0,
01,20261004-1445_tag_s3_r5,27,0,0,red_chair
02,20261004-1445_tag_s3_r5,0,39,0,red_stop sign
03,20261004-1445_tag_s3_r5,0,0,0,
04,20261004-1445_tag_s3_r5,0,0,0,
05,20261004-1445_tag_s3_r5,0,0,0,
06,20261004-1445_tag_s3_r5,0,0,0,
07,20261004-1445_tag_s3_r5,0,0,0,
08,20261004-1445_tag_s3_r5,0,0,0,
09,20261004-1445_tag_s3_r5,0,0,0,
10,20261004-1445_tag_s3_r5,0,0,0,
