scenario,target,k_strict,n_runs,rate,wilson95_lo,wilson95_hi,true_d_per_run
01,red chair,1,3,0.333,0.061,0.792,1.04;0.87;0.77
02,orange sports ball,3,3,1.000,0.438,1.000,0.69;0.63;0.66
03,green chair,3,3,1.000,0.438,1.000,0.69;0.7;0.7
04,red chair,0,3,0.000,0.000,0.562,0.57;0.6;0.6
05,yellow stop sign,0,3,0.000,0.000,0.562,3.78;3.78;3.78
06,green stop sign,0,3,0.000,0.000,0.562,5.05;5.05;5.05
07,orange sports ball,3,3,1.000,0.438,1.000,0.59;0.63;0.64
08,blue chair,3,3,1.000,0.438,1.000,0.65;0.69;0.71
09,red stop sign,0,3,0.000,0.000,0.562,1.27;1.26;1.28
10,blue chair (absent),3,3,1.000,0.438,1.000,None;None;None
all,pooled over scenarios,16,30,0.533,0.361,0.698,
#runs,20261004-0221_final 20261004-0304_final_rep2 20261004-0317_final_rep3,,,,,,fallback: n = 3 final set of eval/e2e/COMPARISON.md
