metric,condition,target_abs_deg,n,mean,std,values
turn_abs_error_deg,before (closed-loop turn),45.0,12,3.274,1.688,4.28 4.42 4.71 4.63 4.65 4.53 1.24 0.21 0.46 3.16 3.28 3.73
turn_abs_error_deg,before (closed-loop turn),90.0,12,2.025,0.957,1.17 1.05 1.14 0.77 1.15 1.55 2.96 3.01 2.83 2.65 2.66 3.35
turn_abs_error_deg,before (closed-loop turn),180.0,12,2.108,1.210,4.16 3.26 0.06 2.71 1.52 0.61 2.96 2.81 1.25 1.58 1.43 2.94
turn_abs_error_deg,after (F3 executor 45-deg chunks),45.0,6,3.339,1.358,3.52 4.36 4.69 4.06 1.22 2.19
turn_abs_error_deg,after (F3 executor 45-deg chunks),90.0,6,2.058,0.716,1.90 2.60 2.22 2.44 0.69 2.51
turn_abs_error_deg,after (F3 executor 45-deg chunks),180.0,6,2.572,1.295,3.26 4.04 3.73 2.01 0.82 1.56
stop_latency_s,before (single 180-deg turn),180,3,3.033,0.067,3.005 3.110 2.985
rotation_after_stop_deg,before (single 180-deg turn),180,3,145.53,3.61,143.5 149.7 143.4
stop_latency_s,after (45-deg chunks),180,3,0.358,0.072,0.330 0.440 0.305
rotation_after_stop_deg,after (45-deg chunks),180,3,15.73,3.27,14.1 19.5 13.6
