frame_id,frame_path,source,subset,scenario,label_method,expected_objects,marginal_objects,yolo_detections,yolo_hits,yolo_misses,yolo_false_pos,yolo_wrong_class_labels,vlm_detections,vlm_hits,vlm_misses,vlm_false_pos,vlm_wrong_class_labels,yolo_latency_s,vlm_latency_s,vlm_tokens_in,vlm_tokens_out,vlm_cost_usd
real_20261002-232010-231387,eval/results/vlm/20261002-232010-231387.png,real,real,"look session 2026-10-02 (real_sim_check.log), look 1",hand,green stop sign; red chair; red stop sign; yellow stop sign,green chair; orange sports ball,red chair 0.50,red chair,yellow stop sign; green stop sign; red stop sign,,,red sign; green sign; yellow sign; red chair,yellow stop sign; green stop sign; red chair; red stop sign,,,,0.016,1.74,470,174,0.000093
real_20261002-232018-702459,eval/results/vlm/20261002-232018-702459.png,real,real,"look session 2026-10-02 (real_sim_check.log), look 2",hand,green chair; orange sports ball; yellow stop sign,red stop sign,orange sports ball 0.73,orange sports ball,yellow stop sign; green chair,,,green chair; yellow flag; gray pole; orange ball; red flag,yellow stop sign; orange sports ball; green chair,,,,0.008,2.29,470,214,0.000109
real_20261002-232027-560433,eval/results/vlm/20261002-232027-560433.png,real,real,"look session 2026-10-02 (real_sim_check.log), look 3",hand,,,,,,,,beige stairs,,,,,0.005,0.77,470,40,0.000039
real_20261004-010952-986951,/home/jiamo/EE4705/EE4705-mini_project/eval/results/vlm/20261004-010952-986951.png,real,real,"e2e 20261004-0101_baseline S4_look, look 3",hand,green stop sign; red chair,,red chair 0.39,red chair,green stop sign,,,red chair; green sign,green stop sign; red chair,,,,0.006,1.01,470,94,0.000061
real_probe_frame_spawn,eval/results/vlm/probe_frame_spawn.png,real,real,"VLM probe frame (spawn, task3_eval.md 'VLM choice')",hand,blue chair,,blue chair 0.71; unknown umbrella 0.21,blue chair,,,umbrella,blue chair,blue chair,,,,0.010,0.88,470,40,0.000039
real_probe_frame_turned_around,eval/results/vlm/probe_frame_turned_around.png,real,real,VLM probe frame (turned around),hand,green stop sign; red stop sign; yellow stop sign,green chair; orange sports ball; red chair,,,yellow stop sign; green stop sign; red stop sign,,,red sign; green sign; yellow sign; green sign; red table,yellow stop sign; green stop sign; red stop sign,,,table,0.005,2.33,470,216,0.000110
real_yolo_01_overview_both_chairs,docs/report_assets/task2/yolo_screenshots/raw/yolo_01_overview_both_chairs.png,real,real,"Task 2 camera evidence, overview",hand,green chair; green stop sign; red chair; red stop sign; yellow stop sign,orange sports ball,red chair 0.62,red chair,red stop sign; green chair; green stop sign; yellow stop sign,,,red chair; green sign; red sign; yellow sign; green chair,red stop sign; green chair; green stop sign; red chair; yellow stop sign,,,,0.007,2.33,470,218,0.000111
real_yolo_02_green_chair_1p6m,docs/report_assets/task2/yolo_screenshots/raw/yolo_02_green_chair_1p6m.png,real,real,"Task 2 camera evidence, green chair 1.6 m",hand,green chair; yellow stop sign,,green chair 0.66,green chair,yellow stop sign,,,green chair; yellow sign,yellow stop sign; green chair,,,,0.008,0.88,470,74,0.000053
real_yolo_03_red_chair_1p6m,docs/report_assets/task2/yolo_screenshots/raw/yolo_03_red_chair_1p6m.png,real,real,"Task 2 camera evidence, red chair 1.6 m",hand,green stop sign; red chair,,red chair 0.41,red chair,green stop sign,,,red chair; green sign; brown pole,green stop sign; red chair,,,,0.007,1.53,470,110,0.000068
real_yolo_04_ball_1p6m,docs/report_assets/task2/yolo_screenshots/raw/yolo_04_ball_1p6m.png,real,real,"Task 2 camera evidence, ball 1.6 m",hand,green stop sign; orange sports ball,,orange sports ball 0.91,orange sports ball,green stop sign,,,green sign; yellow ball,green stop sign,orange sports ball,yellow sports ball,,0.007,1.03,470,75,0.000053
real_yolo_05_green_chair_side_1p6m,docs/report_assets/task2/yolo_screenshots/raw/yolo_05_green_chair_side_1p6m.png,real,real,"Task 2 camera evidence, green chair side",hand,green chair,,unknown airplane 0.21,,green chair,,airplane,green chair,green chair,,,,0.007,0.81,470,39,0.000039
real_yolo_06_yellow_stop_sign_1p8m,docs/report_assets/task2/yolo_screenshots/raw/yolo_06_yellow_stop_sign_1p8m.png,real,stop sign,"Task 2 camera evidence, yellow sign 1.8 m",hand,yellow stop sign,,,,yellow stop sign,,,yellow sign; brown pole,yellow stop sign,,,,0.005,1.21,470,74,0.000053
rend_hold_0100,render:hold/frames/0100.png,rendered,stop sign,"S3_09 goal view: red stop sign at 1.1 m, bearing 202.5 deg (pose x=-2.32 y=-0.42 yaw=22)",segmentation seen_px,red stop sign,blue chair,,,red stop sign,,,red sign; gray pole,red stop sign,,,,0.005,1.03,470,73,0.000053
rend_tune_0136,render:tune/frames/0136.png,rendered,stop sign,"S3_09 goal view: red stop sign at 1.4 m, bearing 187.0 deg (pose x=-2.69 y=-0.17 yaw=19)",segmentation seen_px,blue chair; red stop sign,,blue chair 0.27,blue chair,red stop sign,,,red sign; gray pole; blue chair,blue chair; red stop sign,,,,0.006,1.46,470,108,0.000067
rend_tune_0144,render:tune/frames/0144.png,rendered,stop sign,"S3_09 goal view: red stop sign at 2.5 m, bearing 291.0 deg (pose x=-0.40 y=-2.33 yaw=123)",segmentation seen_px,green chair; red chair; red stop sign,orange sports ball; yellow stop sign,orange sports ball 0.59; red chair 0.46,red chair,red stop sign; green chair,,,yellow flag; red flag; yellow ball; red block; green barrel; gray platform,red stop sign,red chair; green chair,yellow sports ball,barrel; block,0.009,2.74,470,214,0.000109
rend_hold_0131,render:hold/frames/0131.png,rendered,stop sign,"S3_05 goal view: yellow stop sign at 1.1 m, bearing 337.5 deg (pose x=-3.48 y=1.58 yaw=158)",segmentation seen_px,yellow stop sign,,,,yellow stop sign,,,yellow sign; gray pole,yellow stop sign,,,,0.006,1.04,470,73,0.000053
rend_hold_0112,render:hold/frames/0112.png,rendered,stop sign,"S3_05 goal view: yellow stop sign at 1.7 m, bearing 29.5 deg (pose x=-3.02 y=2.84 yaw=-138)",segmentation seen_px,green stop sign; orange sports ball; yellow stop sign,,orange sports ball 0.83,orange sports ball,yellow stop sign; green stop sign,,,yellow sign; green sign; orange sphere,yellow stop sign; orange sports ball; green stop sign,,,,0.007,1.41,470,134,0.000077
rend_hold_0119,render:hold/frames/0119.png,rendered,stop sign,"S3_05 goal view: yellow stop sign at 2.3 m, bearing 126.5 deg (pose x=-5.87 y=3.85 yaw=-54)",segmentation seen_px,blue chair; green chair; green stop sign; red chair; yellow stop sign,orange sports ball; red stop sign,orange sports ball 0.52; blue chair 0.28; red chair 0.24,blue chair; red chair,green chair; green stop sign; yellow stop sign,,,blue chair; green chair; red chair; red sign; yellow sign; green sign; orange ball,blue chair; green chair; green stop sign; red chair; yellow stop sign,,,,0.008,3.24,470,311,0.000148
rend_hold_0136,render:hold/frames/0136.png,rendered,stop sign,"S3_06 goal view: green stop sign at 1.1 m, bearing 67.5 deg (pose x=-4.08 y=-0.98 yaw=-100)",segmentation seen_px,green stop sign,,,,green stop sign,,,green sign; gray pole,green stop sign,,,,0.005,0.89,470,73,0.000053
rend_hold_0137,render:hold/frames/0137.png,rendered,stop sign,"S3_06 goal view: green stop sign at 1.7 m, bearing 74.5 deg (pose x=-4.05 y=-0.36 yaw=-118)",segmentation seen_px,green stop sign,,green traffic light 0.31,,green stop sign,,traffic light,green sign; brown pole,green stop sign,,,,0.006,0.97,470,86,0.000058
rend_tune_0197,render:tune/frames/0197.png,rendered,stop sign,"S3_06 goal view: green stop sign at 2.5 m, bearing 201.0 deg (pose x=-6.83 y=-2.90 yaw=21)",segmentation seen_px,green chair; green stop sign; red chair; yellow stop sign,blue chair; orange sports ball; red stop sign,yellow chair 0.51; red chair 0.51; orange sports ball 0.45,red chair,yellow stop sign; green stop sign; green chair,yellow chair,,yellow yellow sign; green green chair; orange orange ball; green green sign; red red sign; blue blue sign; red red chair,yellow stop sign; green stop sign; red chair; green chair,,blue stop sign,,0.007,3.39,470,308,0.000147
rend_tune_0036,render:tune/frames/0036.png,rendered,close red chair,"S3_01/S3_04 goal view: red chair at 0.8 m, bearing 90.0 deg (pose x=-2.00 y=-1.20 yaw=-102)",segmentation seen_px,red chair,,red bed 0.47,,red chair,,bed,red chair,red chair,,,,0.011,0.61,470,36,0.000038
rend_tune_0048,render:tune/frames/0048.png,rendered,close red chair,"S3_01/S3_04 goal view: red chair at 0.8 m, bearing 225.0 deg (pose x=-2.57 y=-2.57 yaw=57)",segmentation seen_px,green chair; red chair; red stop sign,blue chair,red chair 0.54; red bench 0.21,red chair,red stop sign; green chair,,bench,red chair; green chair; red sign,red stop sign; red chair; green chair,,,,0.029,1.60,470,133,0.000077
rend_tune_0030,render:tune/frames/0030.png,rendered,close red chair,"S3_01/S3_04 goal view: red chair at 0.8 m, bearing 0.0 deg (pose x=-1.20 y=-2.00 yaw=180)",segmentation seen_px,green stop sign; orange sports ball; red chair,,orange sports ball 0.56,orange sports ball,green stop sign; red chair,,,red chair; green sign,green stop sign; red chair,orange sports ball,,,0.007,1.06,470,73,0.000053
rend_tune_0044,render:tune/frames/0044.png,rendered,close red chair,"S3_01/S3_04 goal view: red chair at 0.8 m, bearing 180.0 deg (pose x=-2.80 y=-2.00 yaw=0)",segmentation seen_px,blue chair; red chair,,,,red chair; blue chair,,,red chair; blue chair,red chair; blue chair,,,,0.005,0.98,470,73,0.000053
rend_tune_0034,render:tune/frames/0034.png,rendered,close red chair,"S3_01/S3_04 goal view: red chair at 0.8 m, bearing 45.0 deg (pose x=-1.43 y=-1.43 yaw=-123)",segmentation seen_px,red chair,,red chair 0.41,red chair,,,,red chair,red chair,,,,0.015,0.91,470,38,0.000039
rend_tune_0052,render:tune/frames/0052.png,rendered,close red chair,"S3_01/S3_04 goal view: red chair at 0.8 m, bearing 270.0 deg (pose x=-2.00 y=-2.80 yaw=78)",segmentation seen_px,blue chair; red chair,,blue chair 0.21,blue chair,red chair,,,red chair; blue chair,red chair; blue chair,,,,0.006,1.15,470,87,0.000058
rend_tune_0004,render:tune/frames/0004.png,rendered,other,"S3_03 goal view: green chair at 0.8 m, bearing 45.0 deg (pose x=-1.43 y=2.57 yaw=-123)",segmentation seen_px,green chair; red chair; red stop sign,,green chair 0.62,green chair,red stop sign; red chair,,,green chair; red chair; red sign; gray pole,red stop sign; red chair; green chair,,,,0.014,1.94,470,175,0.000093
rend_tune_0000,render:tune/frames/0000.png,rendered,other,"S3_03 goal view: green chair at 0.8 m, bearing 0.0 deg (pose x=-1.20 y=2.00 yaw=180)",segmentation seen_px,green chair; orange sports ball; yellow stop sign,,orange sports ball 0.65,orange sports ball,yellow stop sign; green chair,,,green chair; yellow sign; orange ball,yellow stop sign; orange sports ball; green chair,,,,0.006,1.60,470,133,0.000077
rend_tune_0068,render:tune/frames/0068.png,rendered,other,"S3_08/S3_10 goal view: blue chair at 0.8 m, bearing 90.0 deg (pose x=3.45 y=2.80 yaw=-102)",segmentation seen_px,blue chair; red chair,green stop sign,red chair 0.80; blue bed 0.26,red chair,blue chair,,bed,blue chair; yellow platform; red chair,red chair; blue chair,,,,0.013,1.08,470,106,0.000066
rend_tune_0101,render:tune/frames/0101.png,rendered,other,"S3_02/S3_07 goal view: orange sports ball at 1.4 m, bearing 97.0 deg (pose x=-3.67 y=1.39 yaw=-83)",segmentation seen_px,green stop sign; orange sports ball; red chair,,orange sports ball 0.88; red chair 0.66,orange sports ball; red chair,green stop sign,,,red chair; yellow ball; green sign,green stop sign; red chair,orange sports ball,yellow sports ball,,0.008,1.46,470,136,0.000078
